Movie,rating
Pirates of the Caribbean: At World's End (2007),8/10
Pirates of the Caribbean: At World's End (2007),9/10
Pirates of the Caribbean: At World's End (2007),7/10
Pirates of the Caribbean: At World's End (2007),8/10
Pirates of the Caribbean: At World's End (2007),10/10
Pirates of the Caribbean: At World's End (2007),4/10
Pirates of the Caribbean: At World's End (2007),1/10
Pirates of the Caribbean: At World's End (2007),7/10
Pirates of the Caribbean: At World's End (2007),9/10
Pirates of the Caribbean: At World's End (2007),9/10
Pirates of the Caribbean: At World's End (2007),8/10
Pirates of the Caribbean: At World's End (2007),10/10
Pirates of the Caribbean: At World's End (2007),9/10
Pirates of the Caribbean: At World's End (2007),10/10
Pirates of the Caribbean: At World's End (2007),8/10
Pirates of the Caribbean: At World's End (2007),10/10
Pirates of the Caribbean: At World's End (2007),1/10
Pirates of the Caribbean: At World's End (2007),1/10
Pirates of the Caribbean: At World's End (2007),10/10
Pirates of the Caribbean: At World's End (2007),1/10
Pirates of the Caribbean: At World's End (2007),7/10
Pirates of the Caribbean: At World's End (2007),7/10
Pirates of the Caribbean: At World's End (2007),10/10
Pirates of the Caribbean: At World's End (2007),10/10
Pirates of the Caribbean: At World's End (2007),4/10
Pirates of the Caribbean: At World's End (2007),1/10
Pirates of the Caribbean: At World's End (2007),9/10
Pirates of the Caribbean: At World's End (2007),1/10
Pirates of the Caribbean: At World's End (2007),1/10
Pirates of the Caribbean: At World's End (2007),1/10
Pirates of the Caribbean: At World's End (2007),1/10
Pirates of the Caribbean: At World's End (2007),1/10
Pirates of the Caribbean: At World's End (2007),1/10
Pirates of the Caribbean: At World's End (2007),1/10
Pirates of the Caribbean: At World's End (2007),1/10
Pirates of the Caribbean: At World's End (2007),10/10
Pirates of the Caribbean: At World's End (2007),1/10
Pirates of the Caribbean: At World's End (2007),9/10
Pirates of the Caribbean: At World's End (2007),1/10
Pirates of the Caribbean: At World's End (2007),8/10
Pirates of the Caribbean: At World's End (2007),9/10
Pirates of the Caribbean: At World's End (2007),1/10
Pirates of the Caribbean: At World's End (2007),9/10
Pirates of the Caribbean: At World's End (2007),9/10
Pirates of the Caribbean: At World's End (2007),1/10
Pirates of the Caribbean: At World's End (2007),9/10
Pirates of the Caribbean: At World's End (2007),1/10
Pirates of the Caribbean: At World's End (2007),5/10
Pirates of the Caribbean: At World's End (2007),1/10
Pirates of the Caribbean: At World's End (2007),1/10
Pirates of the Caribbean: At World's End (2007),1/10
Pirates of the Caribbean: At World's End (2007),1/10
Pirates of the Caribbean: At World's End (2007),8/10
Pirates of the Caribbean: At World's End (2007),1/10
Pirates of the Caribbean: At World's End (2007),1/10
Pirates of the Caribbean: At World's End (2007),1/10
Pirates of the Caribbean: At World's End (2007),2/10
Pirates of the Caribbean: At World's End (2007),8/10
Pirates of the Caribbean: At World's End (2007),1/10
Pirates of the Caribbean: At World's End (2007),1/10
Pirates of the Caribbean: At World's End (2007),8/10
Pirates of the Caribbean: At World's End (2007),1/10
Pirates of the Caribbean: At World's End (2007),1/10
Pirates of the Caribbean: At World's End (2007),1/10
Pirates of the Caribbean: At World's End (2007),1/10
Pirates of the Caribbean: At World's End (2007),1/10
Pirates of the Caribbean: At World's End (2007),10/10
Pirates of the Caribbean: At World's End (2007),8/10
Pirates of the Caribbean: At World's End (2007),10/10
Pirates of the Caribbean: At World's End (2007),1/10
Pirates of the Caribbean: At World's End (2007),10/10
Pirates of the Caribbean: At World's End (2007),6/10
Pirates of the Caribbean: At World's End (2007),2/10
Pirates of the Caribbean: At World's End (2007),9/10
Pirates of the Caribbean: At World's End (2007),10/10
Pirates of the Caribbean: At World's End (2007),9/10
Pirates of the Caribbean: At World's End (2007),1/10
Pirates of the Caribbean: At World's End (2007),9/10
Pirates of the Caribbean: At World's End (2007),10/10
Pirates of the Caribbean: At World's End (2007),9/10
Pirates of the Caribbean: At World's End (2007),9/10
Pirates of the Caribbean: At World's End (2007),10/10
Pirates of the Caribbean: At World's End (2007),10/10
Pirates of the Caribbean: At World's End (2007),10/10
Pirates of the Caribbean: At World's End (2007),10/10
Pirates of the Caribbean: At World's End (2007),7/10
Pirates of the Caribbean: At World's End (2007),8/10
Pirates of the Caribbean: At World's End (2007),9/10
Pirates of the Caribbean: At World's End (2007),10/10
Pirates of the Caribbean: At World's End (2007),10/10
Pirates of the Caribbean: At World's End (2007),5/10
Pirates of the Caribbean: At World's End (2007),6/10
Pirates of the Caribbean: At World's End (2007),10/10
Pirates of the Caribbean: At World's End (2007),1/10
Pirates of the Caribbean: At World's End (2007),9/10
Pirates of the Caribbean: At World's End (2007),10/10
Pirates of the Caribbean: At World's End (2007),1/10
